cohort,subject,RT_AM,RT_PM,chronotype,caffeine,gaming
2018-19,1,267,271,o,c,n
2025-26,1,580,590,l,d,n
2018-19,2,403,347,o,c,n
2025-26,2,306,291,o,d,n
2018-19,3,675,317,l,c,n
2025-26,3,398,413,o,c,n
2018-19,4,290,356,l,d,n
2025-26,4,323,337,l,c,n
2018-19,5,386,331,l,d,n
2025-26,5,310,266,o,c,y
2018-19,6,259,262,l,d,n
2025-26,6,285,274,o,d,y
2018-19,7,380,390,o,d,n
2025-26,7,354,350,l,c,n
2018-19,8,241,267,l,d,n
2025-26,8,348,337,o,c,n
2018-19,9,184,154,o,d,y
2025-26,9,265,268,l,c,n
2018-19,10,386,299,o,c,y
2025-26,10,301,285,o,c,n
2018-19,11,361,301,o,d,y
2025-26,11,283,273,o,c,n
2018-19,12,297,215,o,d,y
2025-26,12,378,440,o,c,n
2018-19,13,269,290,l,c,y
2025-26,13,282,286,o,d,y
2018-19,14,369,311,o,c,n
2025-26,14,966,786,o,c,n
2018-19,15,363,350,o,c,n
2025-26,15,241,267,l,c,n
2018-19,16,446,400,o,d,y
2025-26,16,255,252,l,d,n
2018-19,17,287,292,o,d,n
2025-26,17,286,277,o,d,y
2018-19,18,246,213,o,c,n
2025-26,18,287,304,l,c,y
2018-19,19,252,262,l,d,y
2025-26,19,264,530,o,c,n
2018-19,20,285,254,o,c,n
2025-26,20,456,423,o,d,n
2018-19,21,312,337,o,c,n
2025-26,21,304,312,l,d,n
2018-19,22,264,228,o,c,n
2025-26,22,276,257,o,c,y
2018-19,23,267,317,o,d,n
2025-26,23,379,321,o,d,y
2018-19,24,244,239,o,c,n
2025-26,24,253,286,l,c,y
2018-19,25,287,254,o,c,y
2025-26,25,370,370,o,c,n
2018-19,26,302,311,o,c,n
2025-26,26,325,280,o,c,n
2018-19,27,270,290,l,d,n
2025-26,27,813,757,o,c,y
2018-19,28,291,309,l,d,y
2025-26,28,369,301,o,c,n
2018-19,29,329,368,o,d,n
2025-26,29,346,282,o,c,n
2018-19,30,240,286,l,c,n
2025-26,30,261,257,l,d,n
2018-19,31,259,272,l,c,n
2025-26,31,287,294,o,c,n
2018-19,32,246,239,l,c,y
2025-26,32,247,267,l,d,n
2018-19,33,254,242,o,c,y
2025-26,33,393,527,l,c,n
2018-19,34,340,520,l,c,n
2025-26,34,234,261,o,c,y
2018-19,35,352,580,o,c,n
2025-26,35,294,261,o,d,n
2018-19,36,318,316,o,c,y
2025-26,36,233,315,o,c,n
2018-19,37,195,191,o,d,n
2025-26,37,310,324,o,d,y
2018-19,38,293,262,o,d,y
2025-26,38,362,405,l,c,y
2018-19,39,332,341,o,c,y
2025-26,39,323,283,o,c,n
2018-19,40,285,291,o,c,n
2025-26,40,258,265,o,d,y
2018-19,41,301,292,o,d,y
2025-26,41,402,353,o,d,y
2018-19,42,275,266,o,d,y
2025-26,42,299,322,o,c,y
2018-19,43,319,477,o,c,n
2025-26,43,381,378,o,c,y
2018-19,44,361,588,l,c,n
2025-26,44,508,351,o,c,n
2018-19,45,342,400,l,c,n
2025-26,45,346,326,l,d,n
2018-19,46,236,191,o,d,n
2025-26,46,380,280,o,d,n
2018-19,47,295,273,o,c,n
2025-26,47,286,284,l,c,n
2018-19,48,334,322,l,d,n
2025-26,48,602,478,o,c,n
2018-19,49,346,285,o,c,n
2025-26,49,520,324,o,c,n
2018-19,50,312,398,l,c,n
2025-26,50,288,316,l,c,n
2018-19,51,274,284,l,d,y
2025-26,51,317,279,o,c,n
2018-19,52,376,350,o,d,y
2025-26,52,793,369,o,c,n
2018-19,53,275,323,o,c,n
2025-26,53,391,271,o,c,n
2018-19,54,330,270,o,c,n
2025-26,54,271,239,l,d,n
2018-19,55,261,248,o,d,y
2025-26,55,300,278,o,c,y
2018-19,56,216,221,l,c,y
2025-26,56,308,283,l,d,n
2018-19,57,339,354,o,d,n
2025-26,57,395,330,o,c,n
2018-19,58,248,279,l,c,y
2025-26,58,329,373,o,c,y
2018-19,59,299,828,l,c,n
2025-26,59,317,292,o,c,n
2018-19,60,267,287,l,c,y
2025-26,60,364,243,o,d,n
2018-19,61,259,248,o,d,n
2025-26,61,264,268,o,d,y
2018-19,62,262,257,o,d,n
2025-26,62,406,313,o,c,n
2018-19,63,321,293,o,c,n
2025-26,63,336,312,o,c,n
2018-19,64,355,362,o,c,n
2025-26,64,235,221,o,c,y
2018-19,65,260,282,l,c,n
2025-26,65,396,342,o,c,y
2018-19,66,356,376,o,c,y
2025-26,66,362,465,l,c,n
2018-19,67,195,205,l,c,y
2025-26,67,257,317,o,d,n
2018-19,68,321,319,l,d,n
2025-26,68,532,590,o,c,n
2018-19,69,243,225,o,d,y
2025-26,69,203,221,o,d,y
2018-19,70,269,271,l,d,y
2025-26,70,312,478,l,d,n
2018-19,71,254,222,o,d,y
2025-26,71,540,590,o,c,n
